date,EIMD
1953-01-31,0.00388359433515525
1953-02-28,0.00392051956956119
1953-03-31,0.00402190061177777
1953-04-30,0.00380149900284172
1953-05-31,0.00351909961461011
1953-06-30,0.00280476513075102
1953-07-31,0.00339403663292084
1953-08-31,0.00331027010624471
1953-09-30,0.00290404232763687
1953-10-31,0.00245205558663527
1953-11-30,0.00174181871233439
1953-12-31,0.00146028342491528
1954-01-31,0.00106657340307906
1954-02-28,0.000609501756426018
1954-03-31,0.000438358695361147
1954-04-30,0.000351158549951092
1954-05-31,0.000125608758286022
1954-06-30,0.000151901389176717
1954-07-31,-0.000293685822302416
1954-08-31,-0.000706482162832477
1954-09-30,-0.000639601482508133
1954-10-31,-0.000650705394108918
1954-11-30,-0.00086916157333016
1954-12-31,-0.00106859815849624
1955-01-31,-0.000505858829905456
1955-02-28,-0.000378111605208109
1955-03-31,-0.000200188170796329
1955-04-30,9.85583813941585e-05
1955-05-31,0.000280710608914444
1955-06-30,0.00146337038587043
1955-07-31,0.0010615788591802
1955-08-31,0.000753243982571741
1955-09-30,0.000670507311583888
1955-10-31,0.000873289449164187
1955-11-30,0.000910966257303333
1955-12-31,0.00130364545345901
1956-01-31,0.00100328825879577
1956-02-29,0.0015224934566075
1956-03-31,0.00181196283730997
1956-04-30,0.00192111493211591
1956-05-31,0.0019488942269324
1956-06-30,0.00142941026797426
1956-07-31,0.00179890238231236
1956-08-31,0.00244275397433514
1956-09-30,0.00280287013302463
1956-10-31,0.00338417835535698
1956-11-30,0.00403566273201405
1956-12-31,0.00429270987751923
1957-01-31,0.0046923880989987
1957-02-28,0.00478905614349697
1957-03-31,0.0052630606209151
1957-04-30,0.00482473769716299
1957-05-31,0.004245200835779
1957-06-30,0.00387062173044565
1957-07-31,0.00371707931431113
1957-08-31,0.00355409912448448
1957-09-30,0.00329335755391311
1957-10-31,0.00211902140880934
1957-11-30,0.00210006191234564
1957-12-31,0.00156269387428776
1958-01-31,0.00115231566102283
1958-02-28,0.000518704105286832
1958-03-31,-0.000530431592008201
1958-04-30,-0.000635577760635268
1958-05-31,-0.000229913951195955
1958-06-30,0.000389307867223082
1958-07-31,0.00150269743107241
1958-08-31,0.0013481425734918
1958-09-30,0.00150506411529127
1958-10-31,0.00162369910873911
1958-11-30,0.000219400031020971
1958-12-31,-0.00021263109376518
1959-01-31,-1.45863242128251e-05
1959-02-28,0.000334877350668345
1959-03-31,0.000930203631879473
1959-04-30,0.00125366906989667
1959-05-31,0.00151419118981139
1959-06-30,0.00161001161969952
1959-07-31,0.00138605308907215
1959-08-31,0.00175845374626388
1959-09-30,0.00171267403697693
1959-10-31,0.00221758314282128
1959-11-30,0.00301818407732963
1959-12-31,0.003391130063291
1960-01-31,0.00329920036077446
1960-02-29,0.00318386274121264
1960-03-31,0.0028017797942617
1960-04-30,0.00263942333658673
1960-05-31,0.00227554493249136
1960-06-30,0.00176943346377972
1960-07-31,0.00122920456311798
1960-08-31,0.000866510015708809
1960-09-30,0.000577573564248747
1960-10-31,0.000120722743264066
1960-11-30,-0.000373497779228249
1960-12-31,0.00015390451838238
1961-01-31,-3.49004899890754e-05
1961-02-28,-0.000135588146164303
1961-03-31,-8.87538063218675e-05
1961-04-30,6.17578946864514e-05
1961-05-31,0.000193919711372732
1961-06-30,3.81635280268641e-05
1961-07-31,0.000281092213629803
1961-08-31,0.000436499968980659
1961-09-30,0.000742522899615318
1961-10-31,0.000888414360980582
1961-11-30,0.00158984589002534
1961-12-31,0.00136617197906179
1962-01-31,0.00124769290971024
1962-02-28,0.00140346667612217
1962-03-31,0.00158901737324295
1962-04-30,0.00156386889101937
1962-05-31,0.0015938021665312
1962-06-30,0.00191494892664232
1962-07-31,0.00181388342522926
1962-08-31,0.00159137212955654
1962-09-30,0.00151511786995404
1962-10-31,0.00120063915006094
1962-11-30,0.00138138308172118
1962-12-31,0.00124572342893232
1963-01-31,0.00147699404905484
1963-02-28,0.00159613494559895
1963-03-31,0.00134721038923753
1963-04-30,0.00137055682915568
1963-05-31,0.00139515974619038
1963-06-30,0.00140740701570866
1963-07-31,0.00128966384765975
1963-08-31,0.00147686653081058
1963-09-30,0.00181929561745299
1963-10-31,0.00181166288667648
1963-11-30,0.0016591410880991
1963-12-31,0.00159538158131936
1964-01-31,0.00158097799738101
1964-02-29,0.00146939844801007
1964-03-31,0.00159607504145653
1964-04-30,0.00160927066425898
1964-05-31,0.00160556805836075
1964-06-30,0.00137667601692562
1964-07-31,0.0014830649973424
1964-08-31,0.00163985968055159
1964-09-30,0.00138536675796462
1964-10-31,0.00163324144523141
1964-11-30,0.00135740715624388
1964-12-31,0.00141384626772991
1965-01-31,0.00151639058834408
1965-02-28,0.00127741936951613
1965-03-31,0.00152972217712812
1965-04-30,0.00139014008265856
1965-05-31,0.00135215389504616
1965-06-30,0.00146919311705283
1965-07-31,0.00144614771067886
1965-08-31,0.00126874886279396
1965-09-30,0.00125006898170728
1965-10-31,0.00162461730919882
1965-11-30,0.00203135299505368
1965-12-31,0.00220451133095102
1966-01-31,0.00250769797201592
1966-02-28,0.00287944455458079
1966-03-31,0.00283236421195836
1966-04-30,0.00320266818726639
1966-05-31,0.00324222202874707
1966-06-30,0.00357631855649364
1966-07-31,0.00319517987614437
1966-08-31,0.00345548580912847
1966-09-30,0.00328626098509025
1966-10-31,0.00291419595629773
1966-11-30,0.00269482681812629
1966-12-31,0.00295508317541946
1967-01-31,0.00294333068537075
1967-02-28,0.00280112458150137
1967-03-31,0.00263648139898824
1967-04-30,0.00240760135068409
1967-05-31,0.00243744285857541
1967-06-30,0.00240103286810741
1967-07-31,0.00266413070120074
1967-08-31,0.00259697268437609
1967-09-30,0.00290357896229499
1967-10-31,0.00280087333012156
1967-11-30,0.00292054088646601
1967-12-31,0.00294222491652106
1968-01-31,0.00279971090319774
1968-02-29,0.00281510147018974
1968-03-31,0.00314661209628955
1968-04-30,0.00325774780808538
1968-05-31,0.00315249921327121
1968-06-30,0.00300016144962269
1968-07-31,0.00329459192554784
1968-08-31,0.00314841877262744
1968-09-30,0.00326879373348949
1968-10-31,0.00384737922588302
1968-11-30,0.0040134889454143
1968-12-31,0.00438082606694755
1969-01-31,0.00433355938788333
1969-02-28,0.00423980406096635
1969-03-31,0.00432811284089751
1969-04-30,0.00477584041714948
1969-05-31,0.0046839585629182
1969-06-30,0.0043998384119321
1969-07-31,0.00441777003299593
1969-08-31,0.00452169349922745
1969-09-30,0.00487485442179507
1969-10-31,0.00509983348676634
1969-11-30,0.00452654763866776
1969-12-31,0.00420452351650767
1970-01-31,0.00420276314281839
1970-02-28,0.00439315650664111
1970-03-31,0.00437414724669097
1970-04-30,0.0039479367113919
1970-05-31,0.00396732886798208
1970-06-30,0.0044220837650373
1970-07-31,0.00463373128229331
1970-08-31,0.00441721358843774
1970-09-30,0.00378126954855716
1970-10-31,0.00338418946179048
1970-11-30,0.0034713107222458
1970-12-31,0.00311546572406537
1971-01-31,0.00313315674867493
1971-02-28,0.00304340943799525
1971-03-31,0.00278314395227944
1971-04-30,0.00297215908087856
1971-05-31,0.00302076513864865
1971-06-30,0.00307604107070206
1971-07-31,0.00258775027522622
1971-08-31,0.00248321508431874
1971-09-30,0.00220948064221764
1971-10-31,0.00195284989743169
1971-11-30,0.00194464339999941
1971-12-31,0.0022283447815704
1972-01-31,0.00185606621429073
1972-02-29,0.00202555216583644
1972-03-31,0.00232849455896092
1972-04-30,0.00219490092972579
1972-05-31,0.00215849711512007
1972-06-30,0.00199128472544848
1972-07-31,0.00215281663070452
1972-08-31,0.00212240887510281
1972-09-30,0.00250391369121245
1972-10-31,0.00197319117674359
1972-11-30,0.00207338777090492
1972-12-31,0.00243781530413512
1973-01-31,0.00266132130663449
1973-02-28,0.0028158104389618
1973-03-31,0.00301873394789868
1973-04-30,0.00287057186049673
1973-05-31,0.00302317834604803
1973-06-30,0.00321953330688169
1973-07-31,0.00361106471321071
1973-08-31,0.00386229241775928
1973-09-30,0.00411673885398657
1973-10-31,0.00551300782421689
1973-11-30,0.00659743445749592
1973-12-31,0.0068412544653135
1974-01-31,0.00748163069118664
1974-02-28,0.00758171468673029
1974-03-31,0.00766566783410071
1974-04-30,0.00800016464045916
1974-05-31,0.00790964943423873
1974-06-30,0.00759623592952072
1974-07-31,0.00718314118220557
1974-08-31,0.00695082208057712
1974-09-30,0.00662282625789849
1974-10-31,0.0063738209180767
1974-11-30,0.00562498156065885
1974-12-31,0.0048215414626978
1975-01-31,0.00410962545500974
1975-02-28,0.00383999609132612
1975-03-31,0.0033979156074703
1975-04-30,0.00308894132065007
1975-05-31,0.00329274004762828
1975-06-30,0.00317383620145665
1975-07-31,0.00292983618026713
1975-08-31,0.00296371621481792
1975-09-30,0.00298894194975232
1975-10-31,0.00242763708886077
1975-11-30,0.0020824585956192
1975-12-31,0.00214758405819346
1976-01-31,0.00199033177804096
1976-02-29,0.0018113720117761
1976-03-31,0.00184998317292085
1976-04-30,0.00180134052742849
1976-05-31,0.00155104096484577
1976-06-30,0.0016620366587018
1976-07-31,0.0019272398000835
1976-08-31,0.00197937218547949
1976-09-30,0.002108829008737
1976-10-31,0.00233129083319078
1976-11-30,0.00248132419684917
1976-12-31,0.00299025362048733
1977-01-31,0.00303711659337578
1977-02-28,0.0028451926192113
1977-03-31,0.00259719053711749
1977-04-30,0.00258297093784257
1977-05-31,0.00251516173490773
1977-06-30,0.00286394409333764
1977-07-31,0.00289857732685257
1977-08-31,0.00296356288210542
1977-09-30,0.00289709655872833
1977-10-31,0.00288996180447401
1977-11-30,0.00294308333544114
1977-12-31,0.0030777148136959
1978-01-31,0.00329772826231835
1978-02-28,0.00342200206258206
1978-03-31,0.00395506729242455
1978-04-30,0.00407792615439269
1978-05-31,0.00430620351019701
1978-06-30,0.00426142714436557
1978-07-31,0.00429935107074067
1978-08-31,0.00453436750428121
1978-09-30,0.00447890383598464
1978-10-31,0.00485158367399683
1978-11-30,0.00522009561343638
1978-12-31,0.00476446212701177
1979-01-31,0.00463886718328093
1979-02-28,0.00497108209530433
1979-03-31,0.00540640110205613
1979-04-30,0.0057995300684156
1979-05-31,0.00609971811852331
1979-06-30,0.0062197620594738
1979-07-31,0.00632175361085017
1979-08-31,0.00599789856459147
1979-09-30,0.00599130894197007
1979-10-31,0.00546125365351183
1979-11-30,0.00509313515295584
1979-12-31,0.0051771200416181
1980-01-31,0.00548025104289793
1980-02-29,0.00544485820906644
1980-03-31,0.00531348130718802
1980-04-30,0.00499941114863787
1980-05-31,0.00466849985918187
1980-06-30,0.00417613406416555
1980-07-31,0.00377096212015427
1980-08-31,0.0040366939760207
1980-09-30,0.004270860029493
1980-10-31,0.00441825071044139
1980-11-30,0.00440794992388018
1980-12-31,0.00448471216919795
1981-01-31,0.00406062657392807
1981-02-28,0.00413430407574861
1981-03-31,0.004016042370121
1981-04-30,0.00412548974725443
1981-05-31,0.00405849000302124
1981-06-30,0.00430922674036998
1981-07-31,0.00483007405993895
1981-08-31,0.00452350947695299
1981-09-30,0.0044951259649379
1981-10-31,0.00480744356981501
1981-11-30,0.00526843570147865
1981-12-31,0.00490337894522537
1982-01-31,0.00517869633252046
1982-02-28,0.00460466494622781
1982-03-31,0.00416406748657422
1982-04-30,0.00411521247702942
1982-05-31,0.00418133208549221
1982-06-30,0.00380275040333468
1982-07-31,0.00356407431925867
1982-08-31,0.0033536375296861
1982-09-30,0.00324754084760187
1982-10-31,0.00303565209531836
1982-11-30,0.00267587388094886
1982-12-31,0.00212341397727726
1983-01-31,0.00225531163580717
1983-02-28,0.00245904205286491
1983-03-31,0.00239515581013729
1983-04-30,0.0022704410339886
1983-05-31,0.00225580204649737
1983-06-30,0.00235073542465688
1983-07-31,0.00228580033865942
1983-08-31,0.00247943146643631
1983-09-30,0.00245688262414465
1983-10-31,0.00240725167158237
1983-11-30,0.00232457383117882
1983-12-31,0.00305252731131169
1984-01-31,0.00235232532523028
1984-02-29,0.0027969533045587
1984-03-31,0.00302845709912671
1984-04-30,0.00319600686619939
1984-05-31,0.00327196480295864
1984-06-30,0.00354439095897231
1984-07-31,0.00340621259183194
1984-08-31,0.0037744045423421
1984-09-30,0.00363187240020246
1984-10-31,0.00365754210638281
1984-11-30,0.00355285358333704
1984-12-31,0.00350767257409027
1985-01-31,0.00412211483579002
1985-02-28,0.00431227057686339
1985-03-31,0.00432014973491359
1985-04-30,0.00415389931827267
1985-05-31,0.00455181046200632
1985-06-30,0.00440577329402936
1985-07-31,0.00470036812938841
1985-08-31,0.0047715643138151
1985-09-30,0.00477848661614615
1985-10-31,0.00477603833802572
1985-11-30,0.00484145323245986
1985-12-31,0.00482506987413399
1986-01-31,0.00441351237729089
1986-02-28,0.00444780785553221
1986-03-31,0.00436501596801284
1986-04-30,0.00437917931663357
1986-05-31,0.00410053102427896
1986-06-30,0.00404991064264318
1986-07-31,0.00390553289355405
1986-08-31,0.00387589856690994
1986-09-30,0.00368965734985136
1986-10-31,0.00378454403670399
1986-11-30,0.00404931854835147
1986-12-31,0.00414807968235033
1987-01-31,0.00416651768539292
1987-02-28,0.00388743354705144
1987-03-31,0.00391685471502175
1987-04-30,0.00396615809053105
1987-05-31,0.00377705352425031
1987-06-30,0.00369965406400558
1987-07-31,0.00365002655730486
1987-08-31,0.00366528227076808
1987-09-30,0.00379793918444063
1987-10-31,0.00373854712639672
1987-11-30,0.00348034017663174
1987-12-31,0.00353469690579703
1988-01-31,0.00370777179608901
1988-02-29,0.00368678445979173
1988-03-31,0.00388949231960904
1988-04-30,0.00386540518985045
1988-05-31,0.004183055704083
1988-06-30,0.00458015289054085
1988-07-31,0.00433781226212004
1988-08-31,0.00430321735074024
1988-09-30,0.00427622207300347
1988-10-31,0.00417504451697863
1988-11-30,0.00417481676937852
1988-12-31,0.0042323065828601
1989-01-31,0.00385705516957371
1989-02-28,0.00387184277797665
1989-03-31,0.00368239701576322
1989-04-30,0.00345981229052981
1989-05-31,0.00321438423946783
1989-06-30,0.00307303617219984
1989-07-31,0.00306908639670717
1989-08-31,0.00296692050460104
1989-09-30,0.00309891068515094
1989-10-31,0.00333694076668366
1989-11-30,0.0037167674878897
1989-12-31,0.00380828817585417
1990-01-31,0.00429998336356101
1990-02-28,0.0046062299565192
1990-03-31,0.00469651853434619
1990-04-30,0.00454360802922901
1990-05-31,0.00458106050340665
1990-06-30,0.00440988577133645
1990-07-31,0.0048167094998341
1990-08-31,0.00493372367271885
1990-09-30,0.00494093999101274
1990-10-31,0.00506043030021853
1990-11-30,0.00451420268116705
1990-12-31,0.00403101708946122
1991-01-31,0.00420152361195534
1991-02-28,0.00395473523197719
1991-03-31,0.00357895787892573
1991-04-30,0.00363410460403717
1991-05-31,0.0036241316991056
1991-06-30,0.00342428415707676
1991-07-31,0.00351092289172788
1991-08-31,0.00332248453510635
1991-09-30,0.00311759403198399
1991-10-31,0.00290079096497963
1991-11-30,0.00330314417259182
1991-12-31,0.00360795091236861
1992-01-31,0.00353019713075728
1992-02-29,0.00356276561552186
1992-03-31,0.00300824585747366
1992-04-30,0.00339330221845544
1992-05-31,0.00327821112384961
1992-06-30,0.00340501596842655
1992-07-31,0.00361921972163412
1992-08-31,0.00381218474448736
1992-09-30,0.00397523211774504
1992-10-31,0.00388245285112384
1992-11-30,0.00365812344627513
1992-12-31,0.00360485809631389
1993-01-31,0.00382405125541932
1993-02-28,0.00357340282271911
1993-03-31,0.0043998252045375
1993-04-30,0.00431897112678482
1993-05-31,0.00441089785041463
1993-06-30,0.00457316501103274
1993-07-31,0.00425794916528775
1993-08-31,0.00419482943271909
1993-09-30,0.00419758255197809
1993-10-31,0.00394000863091761
1993-11-30,0.00378258272834822
1993-12-31,0.00388633120491898
1994-01-31,0.00404007583358313
1994-02-28,0.00412854782282987
1994-03-31,0.00420722665953677
1994-04-30,0.00396667650023489
1994-05-31,0.00393225255255848
1994-06-30,0.00405803553758079
1994-07-31,0.00373428799733923
1994-08-31,0.00362767756095146
1994-09-30,0.00365126322314721
1994-10-31,0.00379695415545682
1994-11-30,0.0037447740163383
1994-12-31,0.00388553130159952
1995-01-31,0.0033372947377206
1995-02-28,0.00349528862183342
1995-03-31,0.00329806650375681
1995-04-30,0.00330170380108363
1995-05-31,0.00292321744257125
1995-06-30,0.0026795836628755
1995-07-31,0.00268529160053901
1995-08-31,0.00253138107080977
1995-09-30,0.00246196372572653
1995-10-31,0.00216303476305781
1995-11-30,0.00221153744219077
1995-12-31,0.00193914528147136
1996-01-31,0.00171866606583131
1996-02-29,0.00158705755392254
1996-03-31,0.00143208282650786
1996-04-30,0.00130165174396966
1996-05-31,0.00153747208011828
1996-06-30,0.00144198063634941
1996-07-31,0.00156113382258923
1996-08-31,0.00152141094474322
1996-09-30,0.00129567616823419
1996-10-31,0.00140839816820746
1996-11-30,0.00149256127324164
1996-12-31,0.00157255398885555
1997-01-31,0.0020011378800391
1997-02-28,0.00189091097070092
1997-03-31,0.00190481457124623
1997-04-30,0.00209635021410307
1997-05-31,0.00224562168486946
1997-06-30,0.0023986493488281
1997-07-31,0.00217803287561471
1997-08-31,0.00237652613613431
1997-09-30,0.00245379591712344
1997-10-31,0.00277757191814097
1997-11-30,0.00291409293357457
1997-12-31,0.00280486759324075
1998-01-31,0.00287907657273936
1998-02-28,0.00291474331431893
1998-03-31,0.00289547850530177
1998-04-30,0.00289778447886082
1998-05-31,0.00288305429293243
1998-06-30,0.00280849414082202
1998-07-31,0.00310817535351307
1998-08-31,0.00338290918426383
1998-09-30,0.00343846332175053
1998-10-31,0.00327923461240608
1998-11-30,0.00312347605297373
1998-12-31,0.00341852418441562
1999-01-31,0.00350689423217121
1999-02-28,0.0035679191256163
1999-03-31,0.00360217322373161
1999-04-30,0.00381381402779611
1999-05-31,0.00382889858036355
1999-06-30,0.00389889309389146
1999-07-31,0.00414965516218945
1999-08-31,0.00408221569110337
1999-09-30,0.00455064770342113
1999-10-31,0.00510829840704486
1999-11-30,0.00633780683784235
1999-12-31,0.00629492289660886
2000-01-31,0.00513881034639985
2000-02-29,0.00490620311626264
2000-03-31,0.00484014136478923
2000-04-30,0.00488977730668098
2000-05-31,0.00481744214407543
2000-06-30,0.00488949287311378
2000-07-31,0.00470866423262156
2000-08-31,0.00457141453212953
2000-09-30,0.00431444872219134
2000-10-31,0.00386918512604314
2000-11-30,0.00277861924793992
2000-12-31,0.00275277489291281
2001-01-31,0.00406882167824571
2001-02-28,0.00412979654542525
2001-03-31,0.00413118739640728
2001-04-30,0.00411882931277457
2001-05-31,0.00397415424481382
2001-06-30,0.00408295757611575
2001-07-31,0.00444780597552209
2001-08-31,0.0056047698139989
2001-09-30,0.00496152044979351
2001-10-31,0.00476450908204804
2001-11-30,0.0048393946327881
2001-12-31,0.00489378260083833
2002-01-31,0.00495755688616928
2002-02-28,0.0050947062863267
2002-03-31,0.00529047738835347
2002-04-30,0.00529576886769252
2002-05-31,0.00540445542993763
2002-06-30,0.00518709417634782
2002-07-31,0.00492568650901313
2002-08-31,0.00357863847368741
2002-09-30,0.00409715387511185
2002-10-31,0.00407013616661363
2002-11-30,0.00399306198338606
2002-12-31,0.00395846373844879
2003-01-31,0.00387349983117465
2003-02-28,0.00397540666611321
2003-03-31,0.00385555073981603
2003-04-30,0.0037404764753537
2003-05-31,0.00380677479425233
2003-06-30,0.00354907224867037
2003-07-31,0.00360197261908331
2003-08-31,0.00363146498571035
2003-09-30,0.00353034154706748
2003-10-31,0.00355919374628519
2003-11-30,0.00333376351228933
2003-12-31,0.00314511785220215
2004-01-31,0.00302014254145932
2004-02-29,0.00289871065008882
2004-03-31,0.00285387249150747
2004-04-30,0.00283928298715487
2004-05-31,0.00286553136592958
2004-06-30,0.00327780313694485
2004-07-31,0.00304714912449693
2004-08-31,0.00362562131137895
2004-09-30,0.00346014792601235
2004-10-31,0.00333703308345191
2004-11-30,0.00320386279765842
2004-12-31,0.00325254976890635
2005-01-31,0.00335760878822808
2005-02-28,0.00324778655328608
2005-03-31,0.00313958930671451
2005-04-30,0.00307207052457183
2005-05-31,0.00293257370687014
2005-06-30,0.00279493168235719
2005-07-31,0.0027597056369374
2005-08-31,0.00264106633149111
2005-09-30,0.00278257167543078
2005-10-31,0.00290866181398517
2005-11-30,0.0028942226332502
2005-12-31,0.0032073037151347
2006-01-31,0.00306313723365333
2006-02-28,0.00310530496813772
2006-03-31,0.0030285981191233
2006-04-30,0.00321345903007685
2006-05-31,0.00305409729807286
2006-06-30,0.00293036413160529
2006-07-31,0.00288612588698354
2006-08-31,0.0024664915156725
2006-09-30,0.00260531034493876
2006-10-31,0.00261935070971891
2006-11-30,0.00276306424490284
2006-12-31,0.00261114633662987
2007-01-31,0.00270467514402374
2007-02-28,0.00271142290053679
2007-03-31,0.00292572517438735
2007-04-30,0.00298997097633243
2007-05-31,0.00315081600643415
2007-06-30,0.00328496980669413
2007-07-31,0.0037756815436365
